{"cameraMode":{"drawMode":0,"name":"Shaded","section":"Shading Mode"},"sceneLighting":true,"audioPlay":false,"sceneViewState":{"m_AlwaysRefresh":false,"showFog":true,"showSkybox":true,"showFlares":true,"showImageEffects":true,"showParticleSystems":true,"showVisualEffectGraphs":true,"m_FxEnabled":false},"in2DMode":false,"pivot":{"x":429.07293701171877,"y":-11.764114379882813,"z":415.843505859375},"rotation":{"x":0.687752366065979,"y":-0.0032667152117937805,"z":0.0030949071515351536,"w":0.7259315252304077},"size":132.2281036376953,"orthographic":true}