{"cameraMode":{"drawMode":0,"name":"Shaded","section":"Shading Mode"},"sceneLighting":true,"audioPlay":false,"sceneViewState":{"m_AlwaysRefresh":false,"showFog":true,"showSkybox":true,"showFlares":true,"showImageEffects":true,"showParticleSystems":true,"showVisualEffectGraphs":true,"m_FxEnabled":false},"in2DMode":false,"pivot":{"x":699.6935424804688,"y":55.29679870605469,"z":438.0028076171875},"rotation":{"x":-0.0009030189248733223,"y":-0.6611852049827576,"z":0.7502221465110779,"w":-0.0007959630456753075},"size":650.7342529296875,"orthographic":true}