{"cameraMode":{"drawMode":0,"name":"Shaded","section":"Shading Mode"},"sceneLighting":true,"audioPlay":false,"sceneViewState":{"m_AlwaysRefresh":false,"showFog":true,"showSkybox":true,"showFlares":true,"showImageEffects":true,"showParticleSystems":true,"showVisualEffectGraphs":true,"m_FxEnabled":false},"in2DMode":false,"pivot":{"x":312.597900390625,"y":1.5560741424560547,"z":499.14593505859377},"rotation":{"x":-0.6964136958122253,"y":-0.004527007695287466,"z":0.004345515742897987,"w":-0.717623770236969},"size":45.907047271728519,"orthographic":false}