{"cameraMode":{"drawMode":0,"name":"Shaded","section":"Shading Mode"},"sceneLighting":true,"audioPlay":false,"sceneViewState":{"m_AlwaysRefresh":false,"showFog":true,"showSkybox":true,"showFlares":true,"showImageEffects":true,"showParticleSystems":true,"showVisualEffectGraphs":true,"m_FxEnabled":false},"in2DMode":false,"pivot":{"x":479.76202392578127,"y":-164.63186645507813,"z":345.7563781738281},"rotation":{"x":-0.7027268409729004,"y":0.015446932055056095,"z":-0.015079306438565255,"w":-0.7112076878547669},"size":125.07750701904297,"orthographic":false}