{"cameraMode":{"drawMode":0,"name":"Shaded","section":"Shading Mode"},"sceneLighting":true,"audioPlay":false,"sceneViewState":{"m_AlwaysRefresh":false,"showFog":true,"showSkybox":true,"showFlares":true,"showImageEffects":true,"showParticleSystems":true,"showVisualEffectGraphs":true,"m_FxEnabled":false},"in2DMode":false,"pivot":{"x":506.5284423828125,"y":19.053173065185548,"z":673.5532836914063},"rotation":{"x":0.6877469420433044,"y":-0.004355608485639095,"z":0.004126532003283501,"w":0.7259258031845093},"size":917.7175903320313,"orthographic":true}