{"cameraMode":{"drawMode":0,"name":"Shaded","section":"Shading Mode"},"sceneLighting":true,"audioPlay":false,"sceneViewState":{"m_AlwaysRefresh":false,"showFog":true,"showSkybox":true,"showFlares":true,"showImageEffects":true,"showParticleSystems":true,"showVisualEffectGraphs":true,"m_FxEnabled":false},"in2DMode":false,"pivot":{"x":439.1997985839844,"y":171.86721801757813,"z":512.1749877929688},"rotation":{"x":0.33681339025497439,"y":0.053380586206912997,"z":0.019101951271295549,"w":-0.9398744702339172},"size":45.907047271728519,"orthographic":false}