{"cameraMode":{"drawMode":0,"name":"Shaded","section":"Shading Mode"},"sceneLighting":true,"audioPlay":false,"sceneViewState":{"m_AlwaysRefresh":false,"showFog":true,"showSkybox":true,"showFlares":true,"showImageEffects":true,"showParticleSystems":true,"showVisualEffectGraphs":true,"m_FxEnabled":false},"in2DMode":false,"pivot":{"x":336.89178466796877,"y":8.893241882324219,"z":534.2498779296875},"rotation":{"x":-0.5849423408508301,"y":0.013134290464222432,"z":-0.009524845518171788,"w":-0.8109229207038879},"size":45.907047271728519,"orthographic":false}